,Analysis,Chi-squared,dof,P-value
0,First,103.2671873035982,1,2.928638718542107e-24
1,Second,603.0383823776394,1,3.655354039813051e-133
2,Second,717.1985513620407,3,3.9145099566065375e-155
